-- phpMyAdmin SQL Dump
-- version 4.8.0
-- https://www.phpmyadmin.net/
--
-- Host: 127.0.0.1
-- Waktu pembuatan: 15 Bulan Mei 2019 pada 08.07
-- Versi server: 10.1.31-MariaDB
-- Versi PHP: 7.2.4

SET SQL_MODE = "NO_AUTO_VALUE_ON_ZERO";
SET AUTOCOMMIT = 0;
START TRANSACTION;
SET time_zone = "+00:00";


/*!40101 SET @OLD_CHARACTER_SET_CLIENT=@@CHARACTER_SET_CLIENT */;
/*!40101 SET @OLD_CHARACTER_SET_RESULTS=@@CHARACTER_SET_RESULTS */;
/*!40101 SET @OLD_COLLATION_CONNECTION=@@COLLATION_CONNECTION */;
/*!40101 SET NAMES utf8mb4 */;

--
-- Database: `laravelcopy`
--

-- --------------------------------------------------------

--
-- Struktur dari tabel `agamas`
--

CREATE TABLE `agamas` (
  `id` int(10) UNSIGNED NOT NULL,
  `nama` varchar(191) COLLATE utf8mb4_unicode_ci NOT NULL,
  `created_at` timestamp NULL DEFAULT NULL,
  `updated_at` timestamp NULL DEFAULT NULL,
  `deleted_at` timestamp NULL DEFAULT NULL
) ENGINE=InnoDB DEFAULT CHARSET=utf8mb4 COLLATE=utf8mb4_unicode_ci;

-- --------------------------------------------------------

--
-- Struktur dari tabel `barangs`
--

CREATE TABLE `barangs` (
  `id` int(10) UNSIGNED NOT NULL,
  `kode` varchar(191) COLLATE utf8mb4_unicode_ci NOT NULL DEFAULT '0',
  `nama` varchar(191) COLLATE utf8mb4_unicode_ci NOT NULL,
  `keterangan` varchar(191) COLLATE utf8mb4_unicode_ci NOT NULL,
  `stok` int(11) NOT NULL,
  `harga_beli` int(11) NOT NULL,
  `harga_jual` int(11) NOT NULL,
  `kategori_id` int(10) UNSIGNED NOT NULL,
  `created_at` timestamp NULL DEFAULT NULL,
  `updated_at` timestamp NULL DEFAULT NULL,
  `deleted_at` timestamp NULL DEFAULT NULL,
  `hargaBarang_id` int(11) UNSIGNED NOT NULL DEFAULT '1'
) ENGINE=InnoDB DEFAULT CHARSET=utf8mb4 COLLATE=utf8mb4_unicode_ci;

--
-- Dumping data untuk tabel `barangs`
--

INSERT INTO `barangs` (`id`, `kode`, `nama`, `keterangan`, `stok`, `harga_beli`, `harga_jual`, `kategori_id`, `created_at`, `updated_at`, `deleted_at`, `hargaBarang_id`) VALUES
(261, 'BU1', 'BUNGA AGLAONEMA', '-', 158, 23000, 25000, 2, '2019-03-31 08:39:48', '2019-05-15 06:07:01', NULL, 0),
(262, 'BU2', 'BUNGA ANGGREK', '-', 2, 14000, 19000, 2, '2019-03-31 08:39:48', '2019-05-14 23:56:40', NULL, 0),
(263, 'BU3', 'BUNGA ANTHURIUM', '-', 31, 21000, 26000, 2, '2019-03-31 08:39:48', '2019-05-01 16:13:19', NULL, 0),
(264, 'BU4', 'BUNGA ASTER', '-', 9, 30000, 35000, 2, '2019-03-31 08:39:48', '2019-05-15 05:55:05', NULL, 0),
(265, 'BU5', 'BUNGA BABY BREATH', '-', 30, 30000, 35000, 2, '2019-03-31 08:39:48', '2019-04-28 09:27:51', NULL, 0),
(266, 'BU6', 'BUNGA BOUGENVILE', '-', 3, 20000, 25000, 2, '2019-03-31 08:39:48', '2019-04-23 23:27:33', NULL, 0),
(267, 'BU7', 'BUNGA BUKET', '-', 4, 10000, 25000, 2, '2019-03-31 08:39:48', '2019-04-28 11:22:59', NULL, 0),
(268, 'BU8', 'BUNGA DAHLIA', '-', 1, 13000, 18000, 2, '2019-03-31 08:39:48', '2019-05-08 01:14:42', NULL, 0),
(269, 'BU9', 'BUNGA EDELWEIS', '-', 20, 15000, 25000, 2, '2019-03-31 08:39:48', '2019-04-28 09:27:51', NULL, 0),
(270, 'BU10', 'BUGNA FLANEL', '-', 4, 10000, 15000, 2, '2019-03-31 08:39:48', '2019-05-01 15:17:10', NULL, 0),
(271, 'BU11', 'BUNGA GELOMBANG CINTA', '-', 7, 23000, 28000, 2, '2019-03-31 08:39:48', '2019-04-28 09:27:51', NULL, 0),
(272, 'BU12', 'BUNGA HYDRANGEA', '-', 5, 17000, 23000, 2, '2019-03-31 08:39:48', '2019-03-31 08:39:48', NULL, 0),
(273, 'BU13', 'BUNGA KAMBOJA', '-', 10, 10000, 15000, 2, '2019-03-31 08:39:48', '2019-03-31 08:39:48', NULL, 0),
(274, 'BU14', 'BUNGA KASTUBA', '-', 14, 8000, 16000, 1, '2019-03-31 08:39:48', '2019-03-31 08:39:48', NULL, 0),
(275, 'BU15', 'BUNGA KERTAS', '-', 12, 12000, 17000, 1, '2019-03-31 08:39:48', '2019-03-31 08:39:48', NULL, 0),
(276, 'BU16', 'BUNGA KRISAN', '-', 1, 5000, 10000, 2, '2019-03-31 08:39:48', '2019-04-28 11:22:59', NULL, 0),
(277, 'BU17', 'BUNGA KROKOT', '-', 5, 22000, 27000, 1, '2019-03-31 08:39:48', '2019-03-31 08:39:48', NULL, 0),
(278, 'BU18', 'BUNGA LAVENDER', '-', 0, 10000, 15000, 2, '2019-03-31 08:39:48', '2019-05-09 13:57:00', NULL, 0),
(279, 'BU19', 'BUNGA LAWANG', '-', 9, 8000, 16000, 1, '2019-03-31 08:39:48', '2019-03-31 08:39:48', NULL, 0),
(280, 'BU20', 'BUNGA LILI ', '-', 5, 12000, 17000, 2, '2019-03-31 08:39:48', '2019-03-31 08:39:48', NULL, 0),
(281, 'BU21', 'BUNGA PETUNIA', '-', 11, 5000, 10000, 1, '2019-03-31 08:39:48', '2019-05-07 13:35:36', NULL, 0),
(282, 'BU22', 'BUNGA MAWAR', '-', 22, 22000, 27000, 2, '2019-03-31 08:39:48', '2019-03-31 08:39:48', NULL, 0),
(283, 'KG1', 'AM+AYAT KURSI', '36/71', 2, 180000, 220000, 4, '2019-03-31 08:39:48', '2019-03-31 08:39:48', NULL, 0),
(284, 'KG2', 'A + M', 'sadsd', 4, 190000, 230000, 4, '2019-03-31 08:39:48', '2019-04-22 03:21:19', NULL, 0),
(285, 'KG3', 'MADINAH ', '35/70 JAM', 8, 200000, 240000, 4, '2019-03-31 08:39:48', '2019-03-31 08:39:48', NULL, 0),
(286, 'KG4', 'AM ', '30/61 JAM', 10, 180000, 220000, 4, '2019-03-31 08:39:48', '2019-03-31 08:39:48', NULL, 0),
(287, 'KG5', 'QUR\'AN BUKA', '30/50 JAM', 8, 170000, 200000, 4, '2019-03-31 08:39:48', '2019-03-31 08:39:48', NULL, 0),
(288, 'KG6', 'QUR\'AN BUKA', '30/61 JAM', 5, 180000, 210000, 4, '2019-03-31 08:39:48', '2019-05-01 05:50:45', NULL, 0),
(289, 'KG7', 'AM', '28/38', 2, 150000, 180000, 4, '2019-03-31 08:39:48', '2019-03-31 08:39:48', NULL, 0),
(290, 'KG8', 'JAM MMADINAH', '33/50', 2, 175000, 190000, 4, '2019-03-31 08:39:48', '2019-03-31 08:39:48', NULL, 0),
(291, 'KG9', 'MEKAH MP3', '-', 2, 550000, 590000, 4, '2019-03-31 08:39:48', '2019-03-31 08:39:48', NULL, 0),
(292, 'KG10', 'YASIN', '100/200', 2, 1500000, 1700000, 4, '2019-03-31 08:39:48', '2019-03-31 08:39:48', NULL, 0),
(293, 'KG11', 'PINTU KABAH', '-', 9, 550000, 600000, 4, '2019-03-31 08:39:48', '2019-04-23 20:28:21', NULL, 0),
(294, 'KG12', 'MULTAJAM', '-', 1, 550000, 620000, 4, '2019-03-31 08:39:48', '2019-03-31 08:39:48', NULL, 0),
(295, 'KG13', 'MARMER', '32/26', 10, 40000, 65000, 4, '2019-03-31 08:39:48', '2019-03-31 08:39:48', NULL, 0),
(296, 'B1', 'coba', '-', 10, 1000, 10000, 1, '2019-04-01 19:12:00', '2019-04-01 19:35:22', '2019-04-01 19:35:22', 0),
(297, 'AAA', 'hjhj', 'g', 10, 1000, 10000, 1, '2019-04-03 07:06:47', '2019-04-03 07:06:47', NULL, 0),
(298, '19230812', 'cok', 'asem', 10, 100, 10001, 1, '2019-04-09 06:53:48', '2019-04-22 05:28:18', '2019-04-22 05:28:18', 0),
(299, '1u1389', 'hhjgjjh', 'hgjhghjgh', 980, 8, 87, 1, '2019-04-09 06:54:12', '2019-04-20 01:27:02', '2019-04-20 01:27:02', 0),
(300, '12212122121', 'sddd', 'sadsad', 2112, 12221, 12212, 1, '2019-04-20 01:07:12', '2019-04-20 01:26:58', '2019-04-20 01:26:58', 0),
(301, '1111111111', 'ooooooooooo', 'oioioiuoi', 111, 111, 111, 1, '2019-04-20 01:20:47', '2019-04-20 01:26:54', '2019-04-20 01:26:54', 0),
(302, '01', 'zahra', 'kk', 11, 1000, 10000, 1, '2019-04-22 00:37:26', '2019-04-22 00:39:26', NULL, 0),
(303, '999', 'Hias', '-', 10, 10000, 15000, 2, '2019-04-23 20:27:55', '2019-04-23 20:27:55', NULL, 0),
(304, '11111', 'nitaaaa', '222', 2, 2, 2, 1, '2019-04-26 02:18:59', '2019-04-27 23:42:32', NULL, 0),
(305, 's9999', 'bunga sepatu', '-', 1, 0, 0, 1, '2019-05-01 10:15:23', '2019-05-09 13:59:00', '2019-05-09 13:59:00', 0),
(542, '3234', 'sfsdfs', 'dsf', 12, 1000, 2000, 3, '2019-05-02 04:21:10', '2019-05-02 04:21:10', NULL, 0),
(543, 'B1', 'KELAPA PANDAWANGI REAJA', '-', 34, 10000, 20000, 3, '2019-05-02 04:21:10', '2019-05-02 04:21:10', NULL, 0),
(544, 'B2', 'KELAPA PANDAWANGI DEWASA', '-', 4, 20000, 35000, 3, '2019-05-02 04:21:10', '2019-05-02 04:21:10', NULL, 0),
(545, 'B3', 'KELAPA PANDAWANGI INDUKAN', '-', 1, 23000, 30000, 3, '2019-05-02 04:21:10', '2019-05-02 04:21:10', NULL, 0),
(546, 'B4', 'KELAPA ENTOG', '-', 9, 25000, 50000, 3, '2019-05-02 04:21:11', '2019-05-02 04:21:11', NULL, 0),
(547, 'B5', 'MADU DELHI REMAJA', '-', 27, 35000, 45000, 3, '2019-05-02 04:21:11', '2019-05-02 04:21:11', NULL, 0),
(548, 'B6', 'MADU DELHI DEWASA', '-', 9, 40000, 65000, 3, '2019-05-02 04:21:11', '2019-05-02 04:21:11', NULL, 0),
(549, 'B7', 'MADU DELHI INDUKAN', '-', 3, 43000, 70000, 3, '2019-05-02 04:21:11', '2019-05-02 04:21:11', NULL, 0),
(550, 'B8', 'JAMBU AIR KANCING', '-', 6, 50000, 77000, 3, '2019-05-02 04:21:11', '2019-05-02 04:21:11', NULL, 0),
(551, 'B9', 'SAWO JUMBO', '-', 5, 37000, 20000, 3, '2019-05-02 04:21:11', '2019-05-02 04:21:11', NULL, 0),
(552, 'B10', 'MANGGIS', '-', 3, 10000, 35000, 3, '2019-05-02 04:21:11', '2019-05-02 04:21:11', NULL, 0),
(553, 'B11', 'JERUK LEMON', '-', 50, 20000, 30000, 3, '2019-05-02 04:21:11', '2019-05-02 04:21:11', NULL, 0),
(554, 'B12', 'MANGGA IRWIN', '-', 23, 23000, 50000, 3, '2019-05-02 04:21:11', '2019-05-02 04:21:11', NULL, 0),
(555, 'B13', 'MANGGA MANALAGI', '-', 9, 25000, 45000, 3, '2019-05-02 04:21:11', '2019-05-02 04:21:11', NULL, 0),
(556, 'B14', 'MANGGA OKYONG', '-', 16, 35000, 65000, 3, '2019-05-02 04:21:11', '2019-05-02 04:21:11', NULL, 0),
(557, 'B15', 'ALPUKAT ALIGATOR', '-', 100, 40000, 70000, 3, '2019-05-02 04:21:11', '2019-05-02 04:21:11', NULL, 0),
(558, 'B16', 'ALPUKAT MENTEGA', '-', 3, 43000, 77000, 3, '2019-05-02 04:21:11', '2019-05-02 04:21:11', NULL, 0),
(559, 'B17', 'ALPUKAT MARKUS', '-', 10, 50000, 45000, 3, '2019-05-02 04:21:11', '2019-05-02 04:21:11', NULL, 0),
(560, 'B18', 'ALPUKAT MIKIE', '-', 10, 37000, 65000, 3, '2019-05-02 04:21:11', '2019-05-02 04:21:11', NULL, 0),
(561, 'B19', 'SRIKAYA BEVIBA', '-', 6, 10000, 70000, 3, '2019-05-02 04:21:11', '2019-05-02 04:21:11', NULL, 0),
(562, 'B20', 'BELIMBING', '-', 20, 20000, 77000, 3, '2019-05-02 04:21:11', '2019-05-02 04:21:11', NULL, 0),
(563, 'B21', 'KEDONDONG', '-', 14, 23000, 20000, 3, '2019-05-02 04:21:11', '2019-05-02 04:21:11', NULL, 0),
(564, 'B22', 'CERMAI', '-', 11, 25000, 35000, 3, '2019-05-02 04:21:11', '2019-05-02 04:21:11', NULL, 0),
(565, 'B23', 'BINTARO', '-', 9, 35000, 30000, 3, '2019-05-02 04:21:11', '2019-05-02 04:21:11', NULL, 0),
(566, 'B24', 'KELENGKENG AROMA DURIAN', '-', 13, 40000, 50000, 3, '2019-05-02 04:21:11', '2019-05-02 04:21:11', NULL, 0),
(567, 'BU1', 'BUNGA AGLAONEMA', '-', 20, 20000, 25000, 2, '2019-05-02 04:21:11', '2019-05-02 04:21:11', NULL, 0),
(568, 'BU2', 'BUNGA ANGGREK', '-', 12, 14000, 19000, 2, '2019-05-02 04:21:11', '2019-05-02 04:21:11', NULL, 0),
(569, 'BU3', 'BUNGA ANTHURIUM', '-', 43, 21000, 26000, 2, '2019-05-02 04:21:11', '2019-05-02 04:21:11', NULL, 0),
(570, 'BU4', 'BUNGA ASTER', '-', 5, 16000, 21000, 2, '2019-05-02 04:21:11', '2019-05-02 04:21:11', NULL, 0),
(571, 'BU5', 'BUNGA BABY BREATH', '-', 2, 30000, 35000, 2, '2019-05-02 04:21:11', '2019-05-02 04:21:11', NULL, 0),
(572, 'BU6', 'BUNGA BOUGENVILE', '-', 7, 20000, 25000, 2, '2019-05-02 04:21:11', '2019-05-02 04:21:11', NULL, 0),
(573, 'BU7', 'BUNGA BUKET', '-', 3, 10000, 25000, 2, '2019-05-02 04:21:11', '2019-05-02 04:21:11', NULL, 0),
(574, 'BU8', 'BUNGA DAHLIA', '-', 11, 13000, 18000, 2, '2019-05-02 04:21:11', '2019-05-02 04:21:11', NULL, 0),
(575, 'BU9', 'BUNGA EDELWEIS', '-', 21, 15000, 25000, 2, '2019-05-02 04:21:11', '2019-05-02 04:21:11', NULL, 0),
(576, 'BU10', 'BUGNA FLANEL', '-', 3, 10000, 15000, 2, '2019-05-02 04:21:11', '2019-05-02 04:21:11', NULL, 0),
(577, 'BU11', 'BUNGA GELOMBANG CINTA', '-', 8, 23000, 28000, 2, '2019-05-02 04:21:11', '2019-05-02 04:21:11', NULL, 0),
(578, 'BU12', 'BUNGA HYDRANGEA', '-', 5, 17000, 23000, 2, '2019-05-02 04:21:11', '2019-05-02 04:21:11', NULL, 0),
(579, 'BU13', 'BUNGA KAMBOJA', '-', 10, 10000, 15000, 2, '2019-05-02 04:21:11', '2019-05-02 04:21:11', NULL, 0),
(580, 'BU14', 'BUNGA KASTUBA', '-', 14, 8000, 16000, 1, '2019-05-02 04:21:11', '2019-05-02 04:21:11', NULL, 0),
(581, 'BU15', 'BUNGA KERTAS', '-', 12, 12000, 17000, 1, '2019-05-02 04:21:11', '2019-05-02 04:21:11', NULL, 0),
(582, 'BU16', 'BUNGA KRISAN', '-', 1, 5000, 1000, 2, '2019-05-02 04:21:11', '2019-05-02 04:21:11', NULL, 0),
(583, 'BU17', 'BUNGA KROKOT', '-', 5, 22000, 27000, 1, '2019-05-02 04:21:11', '2019-05-02 04:21:11', NULL, 0),
(584, 'BU18', 'BUNGA LAVENDER', '-', 3, 10000, 15000, 2, '2019-05-02 04:21:11', '2019-05-02 04:21:11', NULL, 0),
(585, 'BU19', 'BUNGA LAWANG', '-', 9, 8000, 16000, 1, '2019-05-02 04:21:11', '2019-05-02 04:21:11', NULL, 0),
(586, 'BU20', 'BUNGA LILI ', '-', 5, 12000, 17000, 2, '2019-05-02 04:21:11', '2019-05-02 04:21:11', NULL, 0),
(587, 'BU21', 'BUNGA PETUNIA', '-', 11, 5000, 10000, 1, '2019-05-02 04:21:11', '2019-05-02 04:21:11', NULL, 0),
(588, 'BU22', 'BUNGA MAWAR', '-', 22, 22000, 27000, 2, '2019-05-02 04:21:11', '2019-05-02 04:21:11', NULL, 0),
(589, 'KG1', 'AM+AYAT KURSI', '36/71', 2, 180000, 220000, 4, '2019-05-02 04:21:11', '2019-05-02 04:21:11', NULL, 0),
(590, 'KG2', 'A + M ', '30/70 JAM', 4, 190000, 230000, 4, '2019-05-02 04:21:11', '2019-05-02 04:21:11', NULL, 0),
(591, 'KG3', 'MADINAH ', '35/70 JAM', 8, 200000, 240000, 4, '2019-05-02 04:21:11', '2019-05-02 04:21:11', NULL, 0),
(592, 'KG4', 'AM ', '30/61 JAM', 10, 180000, 220000, 4, '2019-05-02 04:21:11', '2019-05-02 04:21:11', NULL, 0),
(593, 'KG5', 'QUR\'AN BUKA', '30/50 JAM', 8, 170000, 200000, 4, '2019-05-02 04:21:11', '2019-05-02 04:21:11', NULL, 0),
(594, 'KG6', 'QUR\'AN BUKA', '30/61 JAM', 4, 180000, 210000, 4, '2019-05-02 04:21:11', '2019-05-02 04:21:11', NULL, 0),
(595, 'KG7', 'AM', '28/38', 2, 150000, 180000, 4, '2019-05-02 04:21:11', '2019-05-02 04:21:11', NULL, 0),
(596, 'KG8', 'JAM MMADINAH', '33/50', 2, 175000, 190000, 4, '2019-05-02 04:21:11', '2019-05-02 04:21:11', NULL, 0),
(597, 'KG9', 'MEKAH MP3', '-', 2, 550000, 590000, 4, '2019-05-02 04:21:11', '2019-05-02 04:21:11', NULL, 0),
(598, 'KG10', 'YASIN', '100/200', 2, 1500000, 1700000, 4, '2019-05-02 04:21:11', '2019-05-02 04:21:11', NULL, 0),
(599, 'KG11', 'PINTU KABAH', '-', 1, 550000, 600000, 4, '2019-05-02 04:21:11', '2019-05-02 04:21:11', NULL, 0),
(600, 'KG12', 'MULTAJAM', '-', 1, 550000, 620000, 4, '2019-05-02 04:21:11', '2019-05-02 04:21:11', NULL, 0),
(601, 'KG13', 'MARMER', '32/26', 10, 40000, 65000, 4, '2019-05-02 04:21:11', '2019-05-02 04:21:11', NULL, 0),
(602, '98765', 'ooooooo', 'ppppp', 90, 100, 1000, 3, '2019-05-02 11:47:45', '2019-05-02 11:47:45', NULL, 0),
(603, 'B1', 'KELAPA PANDAWANGI REAJA', '-', 34, 10000, 20000, 3, '2019-05-02 11:47:46', '2019-05-02 11:47:46', NULL, 0),
(604, 'B2', 'KELAPA PANDAWANGI DEWASA', '-', 4, 20000, 35000, 3, '2019-05-02 11:47:46', '2019-05-02 11:47:46', NULL, 0),
(605, 'B3', 'KELAPA PANDAWANGI INDUKAN', '-', 1, 23000, 30000, 3, '2019-05-02 11:47:46', '2019-05-02 11:47:46', NULL, 0),
(606, 'B4', 'KELAPA ENTOG', '-', 9, 25000, 50000, 3, '2019-05-02 11:47:46', '2019-05-02 11:47:46', NULL, 0),
(607, 'B5', 'MADU DELHI REMAJA', '-', 27, 35000, 45000, 3, '2019-05-02 11:47:46', '2019-05-02 11:47:46', NULL, 0),
(608, 'B6', 'MADU DELHI DEWASA', '-', 9, 40000, 65000, 3, '2019-05-02 11:47:46', '2019-05-02 11:47:46', NULL, 0),
(609, 'B7', 'MADU DELHI INDUKAN', '-', 3, 43000, 70000, 3, '2019-05-02 11:47:46', '2019-05-02 11:47:46', NULL, 0),
(610, 'B8', 'JAMBU AIR KANCING', '-', 6, 50000, 77000, 3, '2019-05-02 11:47:46', '2019-05-02 11:47:46', NULL, 0),
(611, 'B9', 'SAWO JUMBO', '-', 5, 37000, 20000, 3, '2019-05-02 11:47:46', '2019-05-02 11:47:46', NULL, 0),
(612, 'B10', 'MANGGIS', '-', 3, 10000, 35000, 3, '2019-05-02 11:47:46', '2019-05-02 11:47:46', NULL, 0),
(613, 'B11', 'JERUK LEMON', '-', 50, 20000, 30000, 3, '2019-05-02 11:47:46', '2019-05-02 11:47:46', NULL, 0),
(614, 'B12', 'MANGGA IRWIN', '-', 23, 23000, 50000, 3, '2019-05-02 11:47:46', '2019-05-02 11:47:46', NULL, 0),
(615, 'B13', 'MANGGA MANALAGI', '-', 9, 25000, 45000, 3, '2019-05-02 11:47:46', '2019-05-02 11:47:46', NULL, 0),
(616, 'B14', 'MANGGA OKYONG', '-', 16, 35000, 65000, 3, '2019-05-02 11:47:46', '2019-05-02 11:47:46', NULL, 0),
(617, 'B15', 'ALPUKAT ALIGATOR', '-', 100, 40000, 70000, 3, '2019-05-02 11:47:46', '2019-05-02 11:47:46', NULL, 0),
(618, 'B16', 'ALPUKAT MENTEGA', '-', 3, 43000, 77000, 3, '2019-05-02 11:47:46', '2019-05-02 11:47:46', NULL, 0),
(619, 'B17', 'ALPUKAT MARKUS', '-', 10, 50000, 45000, 3, '2019-05-02 11:47:46', '2019-05-02 11:47:46', NULL, 0),
(620, 'B18', 'ALPUKAT MIKIE', '-', 10, 37000, 65000, 3, '2019-05-02 11:47:46', '2019-05-02 11:47:46', NULL, 0),
(621, 'B19', 'SRIKAYA BEVIBA', '-', 6, 10000, 70000, 3, '2019-05-02 11:47:46', '2019-05-02 11:47:46', NULL, 0),
(622, 'B20', 'BELIMBING', '-', 20, 20000, 77000, 3, '2019-05-02 11:47:46', '2019-05-02 11:47:46', NULL, 0),
(623, 'B21', 'KEDONDONG', '-', 14, 23000, 20000, 3, '2019-05-02 11:47:46', '2019-05-02 11:47:46', NULL, 0),
(624, 'B22', 'CERMAI', '-', 11, 25000, 35000, 3, '2019-05-02 11:47:46', '2019-05-02 11:47:46', NULL, 0),
(625, 'B23', 'BINTARO', '-', 9, 35000, 30000, 3, '2019-05-02 11:47:46', '2019-05-02 11:47:46', NULL, 0),
(626, 'B24', 'KELENGKENG AROMA DURIAN', '-', 13, 40000, 50000, 3, '2019-05-02 11:47:46', '2019-05-02 11:47:46', NULL, 0),
(627, 'BU1', 'BUNGA AGLAONEMA', '-', 20, 20000, 25000, 2, '2019-05-02 11:47:46', '2019-05-02 11:47:46', NULL, 0),
(628, 'BU2', 'BUNGA ANGGREK', '-', 12, 14000, 19000, 2, '2019-05-02 11:47:46', '2019-05-02 11:47:46', NULL, 0),
(629, 'BU3', 'BUNGA ANTHURIUM', '-', 43, 21000, 26000, 2, '2019-05-02 11:47:46', '2019-05-02 11:47:46', NULL, 0),
(630, 'BU4', 'BUNGA ASTER', '-', 5, 16000, 21000, 2, '2019-05-02 11:47:46', '2019-05-02 11:47:46', NULL, 0),
(631, 'BU5', 'BUNGA BABY BREATH', '-', 2, 30000, 35000, 2, '2019-05-02 11:47:46', '2019-05-02 11:47:46', NULL, 0),
(632, 'BU6', 'BUNGA BOUGENVILE', '-', 7, 20000, 25000, 2, '2019-05-02 11:47:46', '2019-05-02 11:47:46', NULL, 0),
(633, 'BU7', 'BUNGA BUKET', '-', 3, 10000, 25000, 2, '2019-05-02 11:47:46', '2019-05-02 11:47:46', NULL, 0),
(634, 'BU8', 'BUNGA DAHLIA', '-', 11, 13000, 18000, 2, '2019-05-02 11:47:46', '2019-05-02 11:47:46', NULL, 0),
(635, 'BU9', 'BUNGA EDELWEIS', '-', 21, 15000, 25000, 2, '2019-05-02 11:47:46', '2019-05-02 11:47:46', NULL, 0),
(636, 'BU10', 'BUGNA FLANEL', '-', 3, 10000, 15000, 2, '2019-05-02 11:47:46', '2019-05-02 11:47:46', NULL, 0),
(637, 'BU11', 'BUNGA GELOMBANG CINTA', '-', 8, 23000, 28000, 2, '2019-05-02 11:47:46', '2019-05-02 11:47:46', NULL, 0),
(638, 'BU12', 'BUNGA HYDRANGEA', '-', 5, 17000, 23000, 2, '2019-05-02 11:47:46', '2019-05-02 11:47:46', NULL, 0),
(639, 'BU13', 'BUNGA KAMBOJA', '-', 10, 10000, 15000, 2, '2019-05-02 11:47:46', '2019-05-02 11:47:46', NULL, 0),
(640, 'BU14', 'BUNGA KASTUBA', '-', 14, 8000, 16000, 1, '2019-05-02 11:47:46', '2019-05-02 11:47:46', NULL, 0),
(641, 'BU15', 'BUNGA KERTAS', '-', 12, 12000, 17000, 1, '2019-05-02 11:47:46', '2019-05-02 11:47:46', NULL, 0),
(642, 'BU16', 'BUNGA KRISAN', '-', 1, 5000, 1000, 2, '2019-05-02 11:47:46', '2019-05-02 11:47:46', NULL, 0),
(643, 'BU17', 'BUNGA KROKOT', '-', 5, 22000, 27000, 1, '2019-05-02 11:47:46', '2019-05-02 11:47:46', NULL, 0),
(644, 'BU18', 'BUNGA LAVENDER', '-', 3, 10000, 15000, 2, '2019-05-02 11:47:46', '2019-05-02 11:47:46', NULL, 0),
(645, 'BU19', 'BUNGA LAWANG', '-', 9, 8000, 16000, 1, '2019-05-02 11:47:46', '2019-05-02 11:47:46', NULL, 0),
(646, 'BU20', 'BUNGA LILI ', '-', 5, 12000, 17000, 2, '2019-05-02 11:47:46', '2019-05-02 11:47:46', NULL, 0),
(647, 'BU21', 'BUNGA PETUNIA', '-', 11, 5000, 10000, 1, '2019-05-02 11:47:46', '2019-05-02 11:47:46', NULL, 0),
(648, 'BU22', 'BUNGA MAWAR', '-', 22, 22000, 27000, 2, '2019-05-02 11:47:46', '2019-05-02 11:47:46', NULL, 0),
(649, 'KG1', 'AM+AYAT KURSI', '36/71', 2, 180000, 220000, 4, '2019-05-02 11:47:46', '2019-05-02 11:47:46', NULL, 0),
(650, 'KG2', 'A + M ', '30/70 JAM', 4, 190000, 230000, 4, '2019-05-02 11:47:46', '2019-05-02 11:47:46', NULL, 0),
(651, 'KG3', 'MADINAH ', '35/70 JAM', 8, 200000, 240000, 4, '2019-05-02 11:47:46', '2019-05-02 11:47:46', NULL, 0),
(652, 'KG4', 'AM ', '30/61 JAM', 10, 180000, 220000, 4, '2019-05-02 11:47:46', '2019-05-02 11:47:46', NULL, 0),
(653, 'KG5', 'QUR\'AN BUKA', '30/50 JAM', 8, 170000, 200000, 4, '2019-05-02 11:47:46', '2019-05-02 11:47:46', NULL, 0),
(654, 'KG6', 'QUR\'AN BUKA', '30/61 JAM', 4, 180000, 210000, 4, '2019-05-02 11:47:46', '2019-05-02 11:47:46', NULL, 0),
(655, 'KG7', 'AM', '28/38', 2, 150000, 180000, 4, '2019-05-02 11:47:46', '2019-05-02 11:47:46', NULL, 0),
(656, 'KG8', 'JAM MMADINAH', '33/50', 2, 175000, 190000, 4, '2019-05-02 11:47:46', '2019-05-02 11:47:46', NULL, 0),
(657, 'KG9', 'MEKAH MP3', '-', 2, 550000, 590000, 4, '2019-05-02 11:47:46', '2019-05-02 11:47:46', NULL, 0),
(658, 'KG10', 'YASIN', '100/200', 2, 1500000, 1700000, 4, '2019-05-02 11:47:46', '2019-05-02 11:47:46', NULL, 0),
(659, 'KG11', 'PINTU KABAH', '-', 1, 550000, 600000, 4, '2019-05-02 11:47:46', '2019-05-02 11:47:46', NULL, 0),
(660, 'KG12', 'MULTAJAM', '-', 1, 550000, 620000, 4, '2019-05-02 11:47:46', '2019-05-02 11:47:46', NULL, 0),
(661, 'KG13', 'MARMER', '32/26', 10, 40000, 65000, 4, '2019-05-02 11:47:46', '2019-05-02 11:47:46', NULL, 0),
(662, '12345', 'Lavender', '-', 7, 20000, 30000, 3, '2019-05-02 12:34:04', '2019-05-02 12:34:04', NULL, 0),
(663, 'B1', 'KELAPA PANDAWANGI REAJA', '-', 34, 10000, 20000, 3, '2019-05-02 12:34:04', '2019-05-02 12:34:04', NULL, 0),
(664, 'B2', 'KELAPA PANDAWANGI DEWASA', '-', 4, 20000, 35000, 3, '2019-05-02 12:34:04', '2019-05-02 12:34:04', NULL, 0),
(665, 'B3', 'KELAPA PANDAWANGI INDUKAN', '-', 1, 23000, 30000, 3, '2019-05-02 12:34:04', '2019-05-02 12:34:04', NULL, 0),
(666, 'B4', 'KELAPA ENTOG', '-', 9, 25000, 50000, 3, '2019-05-02 12:34:04', '2019-05-02 12:34:04', NULL, 0),
(667, 'B5', 'MADU DELHI REMAJA', '-', 27, 35000, 45000, 3, '2019-05-02 12:34:04', '2019-05-02 12:34:04', NULL, 0),
(668, 'B6', 'MADU DELHI DEWASA', '-', 9, 40000, 65000, 3, '2019-05-02 12:34:04', '2019-05-02 12:34:04', NULL, 0),
(669, 'B7', 'MADU DELHI INDUKAN', '-', 3, 43000, 70000, 3, '2019-05-02 12:34:04', '2019-05-02 12:34:04', NULL, 0),
(670, 'B8', 'JAMBU AIR KANCING', '-', 6, 50000, 77000, 3, '2019-05-02 12:34:04', '2019-05-02 12:34:04', NULL, 0),
(671, 'B9', 'SAWO JUMBO', '-', 5, 37000, 20000, 3, '2019-05-02 12:34:04', '2019-05-02 12:34:04', NULL, 0),
(672, 'B10', 'MANGGIS', '-', 3, 10000, 35000, 3, '2019-05-02 12:34:04', '2019-05-02 12:34:04', NULL, 0),
(673, 'B11', 'JERUK LEMON', '-', 50, 20000, 30000, 3, '2019-05-02 12:34:04', '2019-05-02 12:34:04', NULL, 0),
(674, 'B12', 'MANGGA IRWIN', '-', 23, 23000, 50000, 3, '2019-05-02 12:34:04', '2019-05-02 12:34:04', NULL, 0),
(675, 'B13', 'MANGGA MANALAGI', '-', 9, 25000, 45000, 3, '2019-05-02 12:34:04', '2019-05-02 12:34:04', NULL, 0),
(676, 'B14', 'MANGGA OKYONG', '-', 16, 35000, 65000, 3, '2019-05-02 12:34:04', '2019-05-02 12:34:04', NULL, 0),
(677, 'B15', 'ALPUKAT ALIGATOR', '-', 100, 40000, 70000, 3, '2019-05-02 12:34:04', '2019-05-02 12:34:04', NULL, 0),
(678, 'B16', 'ALPUKAT MENTEGA', '-', 3, 43000, 77000, 3, '2019-05-02 12:34:04', '2019-05-02 12:34:04', NULL, 0),
(679, 'B17', 'ALPUKAT MARKUS', '-', 10, 50000, 45000, 3, '2019-05-02 12:34:04', '2019-05-02 12:34:04', NULL, 0),
(680, 'B18', 'ALPUKAT MIKIE', '-', 10, 37000, 65000, 3, '2019-05-02 12:34:04', '2019-05-02 12:34:04', NULL, 0),
(681, 'B19', 'SRIKAYA BEVIBA', '-', 6, 10000, 70000, 3, '2019-05-02 12:34:04', '2019-05-02 12:34:04', NULL, 0),
(682, 'B20', 'BELIMBING', '-', 20, 20000, 77000, 3, '2019-05-02 12:34:04', '2019-05-02 12:34:04', NULL, 0),
(683, 'B21', 'KEDONDONG', '-', 14, 23000, 20000, 3, '2019-05-02 12:34:04', '2019-05-02 12:34:04', NULL, 0),
(684, 'B22', 'CERMAI', '-', 11, 25000, 35000, 3, '2019-05-02 12:34:04', '2019-05-02 12:34:04', NULL, 0),
(685, 'B23', 'BINTARO', '-', 9, 35000, 30000, 3, '2019-05-02 12:34:04', '2019-05-02 12:34:04', NULL, 0),
(686, 'B24', 'KELENGKENG AROMA DURIAN', '-', 13, 40000, 50000, 3, '2019-05-02 12:34:04', '2019-05-02 12:34:04', NULL, 0),
(687, 'BU1', 'BUNGA AGLAONEMA', '-', 20, 20000, 25000, 2, '2019-05-02 12:34:04', '2019-05-02 12:34:04', NULL, 0),
(688, 'BU2', 'BUNGA ANGGREK', '-', 12, 14000, 19000, 2, '2019-05-02 12:34:04', '2019-05-02 12:34:04', NULL, 0),
(689, 'BU3', 'BUNGA ANTHURIUM', '-', 43, 21000, 26000, 2, '2019-05-02 12:34:04', '2019-05-02 12:34:04', NULL, 0),
(690, 'BU4', 'BUNGA ASTER', '-', 5, 16000, 21000, 2, '2019-05-02 12:34:04', '2019-05-02 12:34:04', NULL, 0),
(691, 'BU5', 'BUNGA BABY BREATH', '-', 2, 30000, 35000, 2, '2019-05-02 12:34:04', '2019-05-02 12:34:04', NULL, 0),
(692, 'BU6', 'BUNGA BOUGENVILE', '-', 7, 20000, 25000, 2, '2019-05-02 12:34:04', '2019-05-02 12:34:04', NULL, 0),
(693, 'BU7', 'BUNGA BUKET', '-', 3, 10000, 25000, 2, '2019-05-02 12:34:04', '2019-05-02 12:34:04', NULL, 0),
(694, 'BU8', 'BUNGA DAHLIA', '-', 11, 13000, 18000, 2, '2019-05-02 12:34:04', '2019-05-02 12:34:04', NULL, 0),
(695, 'BU9', 'BUNGA EDELWEIS', '-', 21, 15000, 25000, 2, '2019-05-02 12:34:04', '2019-05-02 12:34:04', NULL, 0),
(696, 'BU10', 'BUGNA FLANEL', '-', 3, 10000, 15000, 2, '2019-05-02 12:34:04', '2019-05-02 12:34:04', NULL, 0),
(697, 'BU11', 'BUNGA GELOMBANG CINTA', '-', 8, 23000, 28000, 2, '2019-05-02 12:34:04', '2019-05-02 12:34:04', NULL, 0),
(698, 'BU12', 'BUNGA HYDRANGEA', '-', 5, 17000, 23000, 2, '2019-05-02 12:34:04', '2019-05-02 12:34:04', NULL, 0),
(699, 'BU13', 'BUNGA KAMBOJA', '-', 10, 10000, 15000, 2, '2019-05-02 12:34:04', '2019-05-02 12:34:04', NULL, 0),
(700, 'BU14', 'BUNGA KASTUBA', '-', 14, 8000, 16000, 1, '2019-05-02 12:34:04', '2019-05-02 12:34:04', NULL, 0),
(701, 'BU15', 'BUNGA KERTAS', '-', 12, 12000, 17000, 1, '2019-05-02 12:34:04', '2019-05-02 12:34:04', NULL, 0),
(702, 'BU16', 'BUNGA KRISAN', '-', 1, 5000, 1000, 2, '2019-05-02 12:34:04', '2019-05-02 12:34:04', NULL, 0),
(703, 'BU17', 'BUNGA KROKOT', '-', 5, 22000, 27000, 1, '2019-05-02 12:34:04', '2019-05-02 12:34:04', NULL, 0),
(704, 'BU18', 'BUNGA LAVENDER', '-', 3, 10000, 15000, 2, '2019-05-02 12:34:04', '2019-05-02 12:34:04', NULL, 0),
(705, 'BU19', 'BUNGA LAWANG', '-', 9, 8000, 16000, 1, '2019-05-02 12:34:04', '2019-05-02 12:34:04', NULL, 0),
(706, 'BU20', 'BUNGA LILI ', '-', 5, 12000, 17000, 2, '2019-05-02 12:34:04', '2019-05-02 12:34:04', NULL, 0),
(707, 'BU21', 'BUNGA PETUNIA', '-', 11, 5000, 10000, 1, '2019-05-02 12:34:04', '2019-05-02 12:34:04', NULL, 0),
(708, 'BU22', 'BUNGA MAWAR', '-', 22, 22000, 27000, 2, '2019-05-02 12:34:04', '2019-05-02 12:34:04', NULL, 0),
(709, 'KG1', 'AM+AYAT KURSI', '36/71', 2, 180000, 220000, 4, '2019-05-02 12:34:04', '2019-05-02 12:34:04', NULL, 0),
(710, 'KG2', 'A + M ', '30/70 JAM', 4, 190000, 230000, 4, '2019-05-02 12:34:04', '2019-05-02 12:34:04', NULL, 0),
(711, 'KG3', 'MADINAH ', '35/70 JAM', 8, 200000, 240000, 4, '2019-05-02 12:34:04', '2019-05-02 12:34:04', NULL, 0),
(712, 'KG4', 'AM ', '30/61 JAM', 10, 180000, 220000, 4, '2019-05-02 12:34:04', '2019-05-02 12:34:04', NULL, 0),
(713, 'KG5', 'QUR\'AN BUKA', '30/50 JAM', 8, 170000, 200000, 4, '2019-05-02 12:34:04', '2019-05-02 12:34:04', NULL, 0),
(714, 'KG6', 'QUR\'AN BUKA', '30/61 JAM', 4, 180000, 210000, 4, '2019-05-02 12:34:04', '2019-05-02 12:34:04', NULL, 0),
(715, 'KG7', 'AM', '28/38', 2, 150000, 180000, 4, '2019-05-02 12:34:04', '2019-05-02 12:34:04', NULL, 0),
(716, 'KG8', 'JAM MMADINAH', '33/50', 2, 175000, 190000, 4, '2019-05-02 12:34:04', '2019-05-02 12:34:04', NULL, 0),
(717, 'KG9', 'MEKAH MP3', '-', 2, 550000, 590000, 4, '2019-05-02 12:34:04', '2019-05-02 12:34:04', NULL, 0),
(718, 'KG10', 'YASIN', '100/200', 2, 1500000, 1700000, 4, '2019-05-02 12:34:04', '2019-05-02 12:34:04', NULL, 0),
(719, 'KG11', 'PINTU KABAH', '-', 1, 550000, 600000, 4, '2019-05-02 12:34:04', '2019-05-02 12:34:04', NULL, 0),
(720, 'KG12', 'MULTAJAM', '-', 1, 550000, 620000, 4, '2019-05-02 12:34:04', '2019-05-02 12:34:04', NULL, 0),
(721, 'KG13', 'MARMER', '32/26', 10, 40000, 65000, 4, '2019-05-02 12:34:04', '2019-05-02 12:34:04', NULL, 0),
(722, 'BU1', 'oo', 'oo', 8, 8, 8, 1, '2019-05-03 03:16:26', '2019-05-05 06:44:31', '2019-05-05 06:44:31', 0),
(723, 'BU1', 'aa', 'aaa', 1, 1, 1, 1, '2019-05-03 03:17:16', '2019-05-05 06:44:25', '2019-05-05 06:44:25', 0),
(724, '0', 'oo', 'oo', 9, 9, 9, 1, '2019-05-03 03:21:49', '2019-05-05 06:44:19', '2019-05-05 06:44:19', 0),
(725, '0', 'aa', 'aa', 1, 1, 1, 1, '2019-05-03 03:23:36', '2019-05-05 06:44:11', '2019-05-05 06:44:11', 0),
(726, 'BU12', 'Bunga ANGGREK 2', '-', 11, 15000, 20000, 2, '2019-05-08 00:56:38', '2019-05-09 05:08:18', NULL, 0);

-- --------------------------------------------------------

--
-- Struktur dari tabel `detail_pembelians`
--

CREATE TABLE `detail_pembelians` (
  `id` int(10) UNSIGNED NOT NULL,
  `barang_id` int(10) UNSIGNED NOT NULL,
  `pembelian_id` int(10) UNSIGNED NOT NULL,
  `qty` int(11) NOT NULL,
  `harga_beli_baru` int(11) NOT NULL,
  `satuan` varchar(15) COLLATE utf8mb4_unicode_ci NOT NULL,
  `subtotal` int(11) NOT NULL,
  `created_at` timestamp NULL DEFAULT NULL,
  `updated_at` timestamp NULL DEFAULT NULL,
  `deleted_at` timestamp NULL DEFAULT NULL
) ENGINE=InnoDB DEFAULT CHARSET=utf8mb4 COLLATE=utf8mb4_unicode_ci;

--
-- Dumping data untuk tabel `detail_pembelians`
--

INSERT INTO `detail_pembelians` (`id`, `barang_id`, `pembelian_id`, `qty`, `harga_beli_baru`, `satuan`, `subtotal`, `created_at`, `updated_at`, `deleted_at`) VALUES
(1, 238, 1, 1, 0, '', 20000, '2019-03-31 08:45:36', '2019-03-31 08:45:36', NULL),
(2, 261, 2, 1, 0, '', 20000, '2019-04-20 04:53:01', '2019-04-20 04:53:01', NULL),
(3, 264, 2, 2, 0, '', 32000, '2019-04-20 04:53:01', '2019-04-20 04:53:01', NULL),
(4, 262, 3, 1, 0, '', 14000, '2019-04-22 00:39:26', '2019-04-22 00:39:26', NULL),
(5, 302, 3, 1, 0, '', 1000, '2019-04-22 00:39:26', '2019-04-22 00:39:26', NULL),
(6, 261, 4, 1, 0, '', 20000, '2019-04-24 02:22:53', '2019-04-24 02:22:53', NULL),
(7, 263, 5, 1, 0, '', 21000, '2019-04-25 19:40:38', '2019-04-25 19:40:38', NULL),
(8, 261, 6, 1, 0, 'Lusin', 240000, '2019-04-26 03:51:07', '2019-04-26 03:51:07', NULL),
(9, 261, 7, 1, 0, 'Lusin', 240000, '2019-04-26 04:13:54', '2019-04-26 04:13:54', NULL),
(10, 262, 8, 1, 0, 'Lusin', 168000, '2019-04-26 06:44:13', '2019-04-26 06:44:13', NULL),
(11, 262, 9, 2, 0, 'Lusin', 336000, '2019-04-26 06:46:34', '2019-04-26 06:46:34', NULL),
(12, 265, 10, 1, 0, 'Lusin', 360000, '2019-04-26 06:47:53', '2019-04-26 06:47:53', NULL),
(13, 265, 11, 2, 0, 'Lusin', 720000, '2019-04-26 06:48:33', '2019-04-26 06:48:33', NULL),
(14, 276, 12, 1, 0, 'Unit', 5000, '2019-04-28 11:22:59', '2019-04-28 11:22:59', NULL),
(15, 261, 12, 2, 0, 'Unit', 40000, '2019-04-28 11:22:59', '2019-04-28 11:22:59', NULL),
(16, 267, 12, 1, 0, 'Unit', 10000, '2019-04-28 11:22:59', '2019-04-28 11:22:59', NULL),
(17, 261, 13, 1, 0, 'Unit', 20000, '2019-05-01 05:49:32', '2019-05-01 05:49:32', NULL),
(18, 288, 14, 1, 0, 'Unit', 180000, '2019-05-01 05:50:45', '2019-05-01 05:50:45', NULL),
(19, 270, 15, 1, 0, 'Unit', 10000, '2019-05-01 15:17:10', '2019-05-01 15:17:10', NULL),
(20, 261, 16, 1, 25000, 'Unit', 25000, '2019-05-14 23:31:44', '2019-05-14 23:31:44', NULL),
(21, 261, 17, 1, 20000, 'Unit', 20000, '2019-05-14 23:37:56', '2019-05-14 23:37:56', NULL),
(22, 261, 18, 1, 0, 'Unit', 0, '2019-05-14 23:41:36', '2019-05-14 23:41:36', NULL),
(23, 262, 19, 1, 0, 'Unit', 0, '2019-05-14 23:56:40', '2019-05-14 23:56:40', NULL),
(24, 261, 20, 1, 22000, 'Unit', 22000, '2019-05-15 05:34:17', '2019-05-15 05:34:17', NULL),
(25, 261, 21, 1, 22000, 'Unit', 22000, '2019-05-15 05:37:58', '2019-05-15 05:37:58', NULL),
(26, 261, 23, 12, 22000, 'Lusin', 264000, '2019-05-15 05:44:48', '2019-05-15 05:44:48', NULL),
(27, 261, 24, 1, 22000, 'Unit', 22000, '2019-05-15 05:48:10', '2019-05-15 05:48:10', NULL),
(28, 264, 26, 1, 31000, 'Unit', 31000, '2019-05-15 05:55:05', '2019-05-15 05:55:05', NULL),
(29, 261, 30, 1, 22000, 'Unit', 22000, '2019-05-15 06:04:17', '2019-05-15 06:04:17', NULL),
(30, 261, 31, 1, 0, 'Unit', 22000, '2019-05-15 06:06:20', '2019-05-15 06:06:20', NULL),
(31, 261, 32, 1, 23000, 'Unit', 23000, '2019-05-15 06:07:01', '2019-05-15 06:07:01', NULL);

-- --------------------------------------------------------

--
-- Struktur dari tabel `detail_penjualans`
--

CREATE TABLE `detail_penjualans` (
  `id` int(10) UNSIGNED NOT NULL,
  `barang_id` int(10) UNSIGNED NOT NULL,
  `penjualan_id` int(10) UNSIGNED NOT NULL,
  `qty` int(11) NOT NULL,
  `subtotal` int(11) NOT NULL,
  `created_at` timestamp NULL DEFAULT NULL,
  `updated_at` timestamp NULL DEFAULT NULL,
  `deleted_at` timestamp NULL DEFAULT NULL
) ENGINE=InnoDB DEFAULT CHARSET=utf8mb4 COLLATE=utf8mb4_unicode_ci;

--
-- Dumping data untuk tabel `detail_penjualans`
--

INSERT INTO `detail_penjualans` (`id`, `barang_id`, `penjualan_id`, `qty`, `subtotal`, `created_at`, `updated_at`, `deleted_at`) VALUES
(1, 262, 1, 1, 19000, '2019-03-31 08:47:14', '2019-03-31 08:47:14', NULL),
(2, 237, 2, 1, 20000, '2019-03-31 21:34:43', '2019-03-31 21:34:43', NULL),
(3, 241, 3, 1, 45000, '2019-04-01 17:22:35', '2019-04-01 17:22:35', NULL),
(4, 266, 3, 3, 75000, '2019-04-01 17:22:35', '2019-04-01 17:22:35', NULL),
(5, 268, 3, 10, 180000, '2019-04-01 17:22:35', '2019-04-01 17:22:35', NULL),
(6, 238, 4, 1, 35000, '2019-04-01 21:10:46', '2019-04-01 21:10:46', NULL),
(7, 239, 4, 2, 60000, '2019-04-01 21:10:46', '2019-04-01 21:10:46', NULL),
(8, 261, 5, 1, 25000, '2019-04-09 21:31:53', '2019-04-09 21:31:53', NULL),
(9, 261, 6, 1, 25000, '2019-04-10 18:42:57', '2019-04-10 18:42:57', NULL),
(10, 262, 6, 5, 95000, '2019-04-10 18:42:57', '2019-04-10 18:42:57', NULL),
(11, 261, 7, 3, 75000, '2019-04-10 22:10:32', '2019-04-10 22:10:32', NULL),
(12, 293, 8, 1, 600000, '2019-04-11 22:28:20', '2019-04-11 22:28:20', NULL),
(13, 262, 9, 1, 19000, '2019-04-12 01:43:37', '2019-04-12 01:43:37', NULL),
(14, 263, 10, 1, 26000, '2019-04-14 21:26:05', '2019-04-14 21:26:05', NULL),
(15, 268, 11, 1, 18000, '2019-04-14 23:47:54', '2019-04-14 23:47:54', NULL),
(16, 264, 12, 1, 21000, '2019-04-14 23:49:57', '2019-04-14 23:49:57', NULL),
(17, 261, 13, 1, 25000, '2019-04-19 15:21:40', '2019-04-19 15:21:40', NULL),
(18, 261, 13, 1, 25000, '2019-04-19 15:21:40', '2019-04-19 15:21:40', NULL),
(19, 262, 17, 1, 19000, '2019-04-19 18:44:42', '2019-04-19 18:44:42', NULL),
(20, 263, 18, 1, 26000, '2019-04-19 18:50:37', '2019-04-19 18:50:37', NULL),
(21, 261, 18, 1, 25000, '2019-04-19 18:50:37', '2019-04-19 18:50:37', NULL),
(22, 262, 19, 1, 19000, '2019-04-21 00:27:49', '2019-04-21 00:27:49', NULL),
(23, 265, 19, 1, 35000, '2019-04-21 00:27:49', '2019-04-21 00:27:49', NULL),
(24, 263, 19, 1, 26000, '2019-04-21 00:27:49', '2019-04-21 00:27:49', NULL),
(25, 263, 19, 1, 26000, '2019-04-21 00:27:49', '2019-04-21 00:27:49', NULL),
(26, 263, 19, 1, 23400, '2019-04-21 00:27:49', '2019-04-21 00:27:49', NULL),
(27, 263, 19, 1, 23400, '2019-04-21 00:27:49', '2019-04-21 00:27:49', NULL),
(28, 264, 19, 2, 35700, '2019-04-21 00:27:49', '2019-04-21 00:27:49', NULL),
(29, 263, 20, 1, 26000, '2019-04-23 04:02:50', '2019-04-23 04:02:50', NULL),
(30, 264, 21, 1, 21000, '2019-04-23 17:01:39', '2019-04-23 17:01:39', NULL),
(31, 263, 22, 1, 26000, '2019-04-23 17:04:40', '2019-04-23 17:04:40', NULL),
(32, 264, 23, 1, 21000, '2019-04-23 17:29:00', '2019-04-23 17:29:00', NULL),
(33, 262, 24, 1, 19000, '2019-04-23 20:10:34', '2019-04-23 20:10:34', NULL),
(34, 266, 25, 1, 25000, '2019-04-23 23:27:33', '2019-04-23 23:27:33', NULL),
(35, 262, 26, 1, 17100, '2019-04-23 23:29:13', '2019-04-23 23:29:13', NULL),
(36, 263, 27, 1, 26000, '2019-04-24 01:52:49', '2019-04-24 01:52:49', NULL),
(37, 261, 28, 1, 25000, '2019-04-24 20:22:45', '2019-04-24 20:22:45', NULL),
(38, 262, 29, 1, 17100, '2019-04-25 20:37:22', '2019-04-25 20:37:22', NULL),
(39, 261, 30, 1, 25000, '2019-04-27 09:33:01', '2019-04-27 09:33:01', NULL),
(40, 261, 31, 1, 25000, '2019-04-27 14:46:13', '2019-04-27 14:46:13', NULL),
(41, 262, 32, 1, 19000, '2019-04-27 15:03:37', '2019-04-27 15:03:37', NULL),
(42, 262, 32, 1, 19000, '2019-04-27 15:03:37', '2019-04-27 15:03:37', NULL),
(43, 261, 33, 1, 25000, '2019-04-28 09:27:51', '2019-04-28 09:27:51', NULL),
(44, 262, 33, 1, 19000, '2019-04-28 09:27:51', '2019-04-28 09:27:51', NULL),
(45, 271, 33, 1, 28000, '2019-04-28 09:27:51', '2019-04-28 09:27:51', NULL),
(46, 269, 33, 1, 25000, '2019-04-28 09:27:51', '2019-04-28 09:27:51', NULL),
(47, 265, 33, 3, 105000, '2019-04-28 09:27:51', '2019-04-28 09:27:51', NULL),
(48, 265, 33, 4, 140000, '2019-04-28 09:27:51', '2019-04-28 09:27:51', NULL),
(49, 263, 33, 2, 52000, '2019-04-28 09:27:51', '2019-04-28 09:27:51', NULL),
(50, 263, 34, 1, 26000, '2019-05-01 11:33:28', '2019-05-01 11:33:28', NULL),
(51, 261, 35, 5, 125000, '2019-05-01 15:58:29', '2019-05-01 15:58:29', NULL),
(52, 262, 36, 1, 19000, '2019-05-01 16:13:19', '2019-05-01 16:13:19', NULL),
(53, 262, 36, 1, 19000, '2019-05-01 16:13:19', '2019-05-01 16:13:19', NULL),
(54, 263, 36, 1, 26000, '2019-05-01 16:13:19', '2019-05-01 16:13:19', NULL),
(55, 264, 37, 1, 21000, '2019-05-07 13:51:00', '2019-05-07 13:51:00', NULL),
(56, 264, 38, 1, 21000, '2019-05-07 13:59:14', '2019-05-07 13:59:14', NULL),
(57, 262, 39, 22, 418000, '2019-05-08 00:57:55', '2019-05-08 00:57:55', NULL),
(58, 264, 41, 1, 35000, '2019-05-09 14:15:57', '2019-05-09 14:15:57', NULL),
(59, 261, 42, 10, 250000, '2019-05-09 22:50:06', '2019-05-09 22:50:06', NULL),
(60, 261, 43, 10, 250000, '2019-05-09 22:51:30', '2019-05-09 22:51:30', NULL),
(61, 261, 44, 10, 250000, '2019-05-09 22:54:13', '2019-05-09 22:54:13', NULL),
(63, 261, 46, 10, 250000, '2019-05-10 03:10:21', '2019-05-10 03:10:21', NULL),
(64, 261, 47, 10, 250000, '2019-05-10 03:11:43', '2019-05-10 03:11:43', NULL),
(65, 261, 48, 10, 250000, '2019-05-10 06:13:09', '2019-05-10 06:13:09', NULL),
(66, 261, 49, 10, 250000, '2019-05-10 06:15:17', '2019-05-10 06:15:17', NULL),
(67, 261, 50, 10, 250000, '2019-05-10 06:16:25', '2019-05-10 06:16:25', NULL);

-- --------------------------------------------------------

--
-- Struktur dari tabel `detail_returs`
--

CREATE TABLE `detail_returs` (
  `id` int(10) UNSIGNED NOT NULL,
  `barang_id` int(10) NOT NULL,
  `retur_id` int(10) UNSIGNED NOT NULL,
  `qty` int(11) NOT NULL,
  `subtotal` int(11) NOT NULL,
  `status` varchar(15) NOT NULL,
  `created_at` timestamp NULL DEFAULT NULL,
  `updated_at` timestamp NULL DEFAULT NULL,
  `deleted_at` timestamp NULL DEFAULT NULL
) ENGINE=InnoDB DEFAULT CHARSET=latin1;

--
-- Dumping data untuk tabel `detail_returs`
--

INSERT INTO `detail_returs` (`id`, `barang_id`, `retur_id`, `qty`, `subtotal`, `status`, `created_at`, `updated_at`, `deleted_at`) VALUES
(2, 261, 17, 1, 20000, 'Tidak Layak', '2019-04-27 22:31:23', '2019-04-27 22:31:23', NULL),
(3, 262, 18, 1, 14000, 'rusak', '2019-05-14 06:33:17', '2019-05-14 06:33:17', NULL);

-- --------------------------------------------------------

--
-- Struktur dari tabel `hargas`
--

CREATE TABLE `hargas` (
  `id` int(11) NOT NULL,
  `barang_id` int(11) NOT NULL,
  `harga_beli` int(11) NOT NULL,
  `harga_jual` int(11) NOT NULL,
  `created_at` timestamp NULL DEFAULT CURRENT_TIMESTAMP ON UPDATE CURRENT_TIMESTAMP,
  `updated_at` timestamp NULL DEFAULT '0000-00-00 00:00:00',
  `deleted_at` timestamp NULL DEFAULT NULL
) ENGINE=InnoDB DEFAULT CHARSET=latin1;

--
-- Dumping data untuk tabel `hargas`
--

INSERT INTO `hargas` (`id`, `barang_id`, `harga_beli`, `harga_jual`, `created_at`, `updated_at`, `deleted_at`) VALUES
(1, 1, 20000, 25000, '2019-05-14 13:35:58', '2019-05-14 13:35:58', '2019-05-14 13:35:58'),
(2, 2, 22000, 25000, '2019-05-14 13:35:56', '2019-05-14 13:35:56', '2019-05-14 13:35:56'),
(3, 261, 20000, 7000, '2019-05-14 13:30:50', '2019-05-14 13:30:50', NULL),
(4, 268, 7000, 9000, '2019-05-14 13:36:34', '2019-05-14 13:36:34', NULL);

-- --------------------------------------------------------

--
-- Struktur dari tabel `kategoris`
--

CREATE TABLE `kategoris` (
  `id` int(10) UNSIGNED NOT NULL,
  `nama` varchar(191) COLLATE utf8mb4_unicode_ci NOT NULL,
  `keterangan` text COLLATE utf8mb4_unicode_ci NOT NULL,
  `created_at` timestamp NULL DEFAULT NULL,
  `updated_at` timestamp NULL DEFAULT NULL,
  `deleted_at` timestamp NULL DEFAULT NULL
) ENGINE=InnoDB DEFAULT CHARSET=utf8mb4 COLLATE=utf8mb4_unicode_ci;

--
-- Dumping data untuk tabel `kategoris`
--

INSERT INTO `kategoris` (`id`, `nama`, `keterangan`, `created_at`, `updated_at`, `deleted_at`) VALUES
(1, 'Bunga Buatan', '-', '2019-03-31 08:16:17', '2019-05-02 12:42:57', NULL),
(2, 'Bunga Hidup', '-', '2019-03-31 08:16:31', '2019-03-31 08:16:31', NULL),
(3, 'Bibit Buah', '-', '2019-03-31 08:17:04', '2019-03-31 08:17:04', NULL),
(4, 'Kaligrafi', '-', '2019-03-31 08:17:25', '2019-03-31 08:17:25', NULL),
(5, 'Bunga hias', '-', '2019-05-01 09:53:29', '2019-05-01 09:53:29', NULL),
(6, 'Bunga Hias', '-', '2019-05-01 10:01:05', '2019-05-02 12:43:07', '2019-05-02 12:43:07');

-- --------------------------------------------------------

--
-- Struktur dari tabel `migrations`
--

CREATE TABLE `migrations` (
  `id` int(10) UNSIGNED NOT NULL,
  `migration` varchar(191) COLLATE utf8mb4_unicode_ci NOT NULL,
  `batch` int(11) NOT NULL
) ENGINE=InnoDB DEFAULT CHARSET=utf8mb4 COLLATE=utf8mb4_unicode_ci;

--
-- Dumping data untuk tabel `migrations`
--

INSERT INTO `migrations` (`id`, `migration`, `batch`) VALUES
(1, '2014_10_12_000000_create_users_table', 1),
(2, '2014_10_12_100000_create_password_resets_table', 1),
(3, '2018_05_01_195533_create_kategoris_table', 1),
(4, '2018_05_01_213550_create_barangs_table', 1),
(5, '2018_05_09_022845_create_agamas_table', 1),
(6, '2018_05_09_025630_create_pelanggans_table', 1),
(7, '2018_05_09_032653_create_pegawais_table', 1),
(8, '2018_05_16_041903_create_penjualans_table', 1),
(9, '2018_05_23_183639_create_detail_penjualans_table', 1),
(10, '2018_05_30_165228_add_user_level', 1),
(11, '2018_05_30_175555_add_soft_delete_users', 1),
(12, '2018_06_06_014852_create_suppliers_table', 1),
(13, '2018_06_06_020911_create_pembelians_table', 1),
(14, '2018_06_06_024401_create_detail_pembelians_table', 1),
(15, '2019_04_27_082942_create_returs_table', 2);

-- --------------------------------------------------------

--
-- Struktur dari tabel `password_resets`
--

CREATE TABLE `password_resets` (
  `email` varchar(191) COLLATE utf8mb4_unicode_ci NOT NULL,
  `token` varchar(191) COLLATE utf8mb4_unicode_ci NOT NULL,
  `created_at` timestamp NULL DEFAULT NULL
) ENGINE=InnoDB DEFAULT CHARSET=utf8mb4 COLLATE=utf8mb4_unicode_ci;

-- --------------------------------------------------------

--
-- Struktur dari tabel `pegawais`
--

CREATE TABLE `pegawais` (
  `id` int(10) UNSIGNED NOT NULL,
  `nomor_induk` varchar(191) COLLATE utf8mb4_unicode_ci NOT NULL,
  `nama` varchar(191) COLLATE utf8mb4_unicode_ci NOT NULL,
  `tempat_lahir` varchar(191) COLLATE utf8mb4_unicode_ci NOT NULL,
  `tanggal_lahir` varchar(191) COLLATE utf8mb4_unicode_ci NOT NULL,
  `alamat` text COLLATE utf8mb4_unicode_ci NOT NULL,
  `email` varchar(191) COLLATE utf8mb4_unicode_ci NOT NULL,
  `telepon` varchar(191) COLLATE utf8mb4_unicode_ci NOT NULL,
  `created_at` timestamp NULL DEFAULT NULL,
  `updated_at` timestamp NULL DEFAULT NULL,
  `deleted_at` timestamp NULL DEFAULT NULL
) ENGINE=InnoDB DEFAULT CHARSET=utf8mb4 COLLATE=utf8mb4_unicode_ci;

--
-- Dumping data untuk tabel `pegawais`
--

INSERT INTO `pegawais` (`id`, `nomor_induk`, `nama`, `tempat_lahir`, `tanggal_lahir`, `alamat`, `email`, `telepon`, `created_at`, `updated_at`, `deleted_at`) VALUES
(1, '1', 'Sugeng Hariono', 'Pemalang', '1981-12-02', 'sanan rejo kec turen', 'kasir@gmail.com', '0891234231', '2019-03-31 08:15:18', '2019-03-31 08:15:18', NULL);

-- --------------------------------------------------------

--
-- Struktur dari tabel `pelanggans`
--

CREATE TABLE `pelanggans` (
  `id` int(10) UNSIGNED NOT NULL,
  `nama` varchar(191) COLLATE utf8mb4_unicode_ci NOT NULL,
  `alamat` varchar(191) COLLATE utf8mb4_unicode_ci NOT NULL,
  `telepon` varchar(191) COLLATE utf8mb4_unicode_ci NOT NULL,
  `email` varchar(191) COLLATE utf8mb4_unicode_ci NOT NULL,
  `created_at` timestamp NULL DEFAULT NULL,
  `updated_at` timestamp NULL DEFAULT NULL,
  `deleted_at` timestamp NULL DEFAULT NULL
) ENGINE=InnoDB DEFAULT CHARSET=utf8mb4 COLLATE=utf8mb4_unicode_ci;

--
-- Dumping data untuk tabel `pelanggans`
--

INSERT INTO `pelanggans` (`id`, `nama`, `alamat`, `telepon`, `email`, `created_at`, `updated_at`, `deleted_at`) VALUES
(1, '-', '-', '-', '@g.com', '2019-03-31 08:16:03', '2019-03-31 08:16:03', NULL),
(2, 'Yuli', 'Turen', '098329019', 'Yuliana@gmail.com', '2019-05-01 14:53:53', '2019-05-07 13:41:38', NULL);

-- --------------------------------------------------------

--
-- Struktur dari tabel `pembelians`
--

CREATE TABLE `pembelians` (
  `id` int(10) UNSIGNED NOT NULL,
  `tanggal` date NOT NULL,
  `supplier_id` int(10) UNSIGNED NOT NULL,
  `pegawai_id` int(10) UNSIGNED NOT NULL,
  `user_id` int(10) UNSIGNED NOT NULL,
  `nota` bigint(20) NOT NULL DEFAULT '0',
  `total` int(11) NOT NULL,
  `created_at` timestamp NULL DEFAULT NULL,
  `updated_at` timestamp NULL DEFAULT NULL,
  `deleted_at` timestamp NULL DEFAULT NULL
) ENGINE=InnoDB DEFAULT CHARSET=utf8mb4 COLLATE=utf8mb4_unicode_ci;

--
-- Dumping data untuk tabel `pembelians`
--

INSERT INTO `pembelians` (`id`, `tanggal`, `supplier_id`, `pegawai_id`, `user_id`, `nota`, `total`, `created_at`, `updated_at`, `deleted_at`) VALUES
(1, '2019-03-31', 1, 1, 1, 0, 20000, '2019-03-31 08:45:36', '2019-04-19 21:13:50', '2019-04-19 21:13:50'),
(2, '2019-04-20', 1, 1, 2, 0, 52000, '2019-04-20 04:53:00', '2019-04-20 04:53:00', NULL),
(3, '2019-04-22', 1, 1, 2, 0, 15000, '2019-04-22 00:39:26', '2019-04-22 00:39:26', NULL),
(4, '2019-04-24', 1, 1, 2, 0, 20000, '2019-04-24 02:22:53', '2019-04-24 02:22:53', NULL),
(5, '2019-04-26', 1, 1, 2, 0, 21000, '2019-04-25 19:40:38', '2019-04-25 19:40:38', NULL),
(6, '2019-04-26', 1, 1, 3, 0, 240000, '2019-04-26 03:51:06', '2019-04-26 03:51:06', NULL),
(7, '2019-04-26', 1, 1, 2, 0, 240000, '2019-04-26 04:13:54', '2019-04-26 04:13:54', NULL),
(8, '2019-04-26', 1, 1, 1, 0, 168000, '2019-04-26 06:44:13', '2019-04-26 06:44:13', NULL),
(9, '2019-04-01', 1, 1, 1, 0, 336000, '2019-04-26 06:46:34', '2019-04-26 06:46:34', NULL),
(10, '2019-04-26', 1, 1, 1, 0, 360000, '2019-04-26 06:47:53', '2019-04-26 06:47:53', NULL),
(11, '2019-04-26', 1, 1, 1, 0, 720000, '2019-04-26 06:48:33', '2019-04-26 06:48:33', NULL),
(12, '2019-04-28', 1, 1, 1, 0, 55000, '2019-04-28 11:22:58', '2019-04-28 11:22:58', NULL),
(13, '2019-05-01', 1, 1, 4, 12, 20000, '2019-05-01 05:49:31', '2019-05-01 05:49:31', NULL),
(14, '2019-05-01', 1, 1, 4, 0, 180000, '2019-05-01 05:50:45', '2019-05-01 05:50:45', NULL),
(15, '2019-05-01', 1, 1, 1, 200, 10000, '2019-05-01 15:17:10', '2019-05-01 15:17:10', NULL),
(16, '2019-05-15', 1, 1, 1, 12, 25000, '2019-05-14 23:31:44', '2019-05-14 23:31:44', NULL),
(17, '2019-05-15', 1, 1, 1, 122, 20000, '2019-05-14 23:37:56', '2019-05-14 23:37:56', NULL),
(18, '2019-05-15', 1, 1, 1, 12, 0, '2019-05-14 23:41:36', '2019-05-14 23:41:36', NULL),
(19, '2019-05-15', 1, 1, 1, 13, 0, '2019-05-14 23:56:39', '2019-05-14 23:56:39', NULL),
(20, '2019-05-15', 1, 1, 1, 120, 22000, '2019-05-15 05:34:17', '2019-05-15 05:34:17', NULL),
(21, '2019-05-15', 1, 1, 1, 121, 22000, '2019-05-15 05:37:58', '2019-05-15 05:37:58', NULL),
(23, '2019-05-15', 1, 1, 1, 22, 264000, '2019-05-15 05:44:48', '2019-05-15 05:44:48', NULL),
(24, '2019-05-15', 1, 1, 1, 111, 22000, '2019-05-15 05:48:10', '2019-05-15 05:48:10', NULL),
(26, '2019-05-15', 1, 1, 1, 100, 31000, '2019-05-15 05:55:05', '2019-05-15 05:55:05', NULL),
(30, '2019-05-15', 1, 1, 1, 1112, 22000, '2019-05-15 06:04:17', '2019-05-15 06:04:17', NULL),
(31, '2019-05-15', 1, 1, 1, 20, 22000, '2019-05-15 06:06:20', '2019-05-15 06:06:20', NULL),
(32, '2019-05-15', 1, 1, 1, 21, 23000, '2019-05-15 06:07:01', '2019-05-15 06:07:01', NULL);

-- --------------------------------------------------------

--
-- Struktur dari tabel `penjualans`
--

CREATE TABLE `penjualans` (
  `id` int(10) UNSIGNED NOT NULL,
  `tanggal` date NOT NULL,
  `pelanggan_id` int(10) UNSIGNED NOT NULL,
  `pegawai_id` int(10) UNSIGNED NOT NULL,
  `user_id` int(10) UNSIGNED NOT NULL,
  `diskon` int(11) NOT NULL,
  `total` int(11) NOT NULL,
  `bayar` int(12) NOT NULL,
  `kembalian` int(12) NOT NULL,
  `created_at` timestamp NULL DEFAULT NULL,
  `updated_at` timestamp NULL DEFAULT NULL,
  `deleted_at` timestamp NULL DEFAULT NULL
) ENGINE=InnoDB DEFAULT CHARSET=utf8mb4 COLLATE=utf8mb4_unicode_ci;

--
-- Dumping data untuk tabel `penjualans`
--

INSERT INTO `penjualans` (`id`, `tanggal`, `pelanggan_id`, `pegawai_id`, `user_id`, `diskon`, `total`, `bayar`, `kembalian`, `created_at`, `updated_at`, `deleted_at`) VALUES
(1, '2019-03-31', 1, 1, 1, 0, 19000, 0, 0, '2019-03-31 08:47:14', '2019-03-31 08:47:14', NULL),
(2, '2019-04-01', 1, 1, 1, 0, 20000, 0, 0, '2019-03-31 21:34:43', '2019-04-02 20:21:47', '2019-04-02 20:21:47'),
(3, '2019-04-02', 1, 1, 1, 0, 300000, 0, 0, '2019-04-01 17:22:34', '2019-04-02 20:21:44', '2019-04-02 20:21:44'),
(4, '2019-04-02', 1, 1, 1, 0, 95000, 0, 0, '2019-04-01 21:10:46', '2019-04-02 20:21:22', '2019-04-02 20:21:22'),
(5, '2019-04-10', 1, 1, 1, 0, 25000, 0, 0, '2019-04-09 21:31:53', '2019-04-09 21:31:53', NULL),
(6, '2019-04-11', 1, 1, 1, 0, 120000, 0, 0, '2019-04-10 18:42:57', '2019-04-10 18:42:57', NULL),
(7, '2019-04-11', 1, 1, 1, 0, 75000, 0, 0, '2019-04-10 22:10:32', '2019-04-10 22:10:32', NULL),
(8, '2019-04-12', 1, 1, 1, 0, 600000, 0, 0, '2019-04-11 22:28:20', '2019-04-11 22:28:20', NULL),
(9, '2019-04-12', 1, 1, 1, 0, 19000, 0, 0, '2019-04-12 01:43:36', '2019-04-12 01:43:36', NULL),
(10, '2019-04-15', 1, 1, 1, 0, 26000, 0, 0, '2019-04-14 21:26:05', '2019-04-14 21:26:05', NULL),
(11, '2019-04-15', 1, 1, 1, 0, 18000, 0, 0, '2019-04-14 23:47:54', '2019-04-14 23:47:54', NULL),
(12, '2019-04-15', 1, 1, 1, 0, 21000, 0, 0, '2019-04-14 23:49:57', '2019-04-14 23:49:57', NULL),
(13, '2019-04-19', 1, 1, 1, 0, 50000, 0, 0, '2019-04-19 15:21:40', '2019-04-19 15:21:40', NULL),
(17, '2019-04-20', 1, 1, 1, 0, 19000, 19000, 1000, '2019-04-19 18:44:41', '2019-04-19 18:44:41', NULL),
(18, '2019-04-20', 1, 1, 1, 0, 51000, 60000, 9000, '2019-04-19 18:50:37', '2019-04-19 18:50:37', NULL),
(19, '2019-04-21', 1, 1, 1, 0, 188500, 200000, 11500, '2019-04-21 00:27:49', '2019-04-21 00:27:49', NULL),
(20, '2019-04-23', 1, 1, 1, 0, 26000, 100000, 74000, '2019-04-23 04:02:50', '2019-04-23 04:02:50', NULL),
(21, '2019-04-24', 1, 1, 1, 0, 21000, 100000, 79000, '2019-04-23 17:01:39', '2019-04-23 17:01:39', NULL),
(22, '2019-04-24', 1, 1, 1, 0, 26000, 30000, 4000, '2019-04-23 17:04:40', '2019-04-23 17:04:40', NULL),
(23, '2019-04-24', 1, 1, 1, 0, 21000, 22000, 1000, '2019-04-23 17:29:00', '2019-04-23 17:29:00', NULL),
(24, '2019-04-24', 1, 1, 1, 0, 19000, 20000, 1000, '2019-04-23 20:10:34', '2019-04-23 20:10:34', NULL),
(25, '2019-04-24', 1, 1, 1, 0, 25000, 27000, 2000, '2019-04-23 23:27:33', '2019-04-23 23:27:33', NULL),
(26, '2019-04-24', 1, 1, 1, 0, 17100, 20000, 2900, '2019-04-23 23:29:13', '2019-04-23 23:31:36', '2019-04-23 23:31:36'),
(27, '2019-04-24', 1, 1, 1, 0, 26000, 1111111, 1085111, '2019-04-24 01:52:49', '2019-04-24 01:52:49', NULL),
(28, '2019-04-25', 1, 1, 1, 0, 25000, 30000, 5000, '2019-04-24 20:22:45', '2019-04-24 20:22:45', NULL),
(29, '2019-04-26', 1, 1, 1, 20, 17100, 20000, 6320, '2019-04-25 20:37:22', '2019-04-25 20:37:22', NULL),
(30, '2019-04-27', 1, 1, 1, 0, 25000, 30000, 5000, '2019-04-27 09:33:00', '2019-04-27 09:33:00', NULL),
(31, '2019-04-27', 1, 1, 1, 0, 25000, 30000, 5000, '2019-04-27 14:46:13', '2019-04-27 14:46:13', NULL),
(32, '2019-04-27', 1, 1, 1, 0, 38000, 40000, 2000, '2019-04-27 15:03:37', '2019-04-27 15:03:37', NULL),
(33, '2019-04-28', 1, 1, 1, 0, 394000, 400000, 6000, '2019-04-28 09:27:51', '2019-04-28 09:27:51', NULL),
(34, '2019-05-01', 1, 1, 4, 0, 26000, 30000, 4000, '2019-05-01 11:33:28', '2019-05-01 11:33:28', NULL),
(35, '2019-05-01', 1, 1, 1, 0, 125000, 150000, 25000, '2019-05-01 15:58:29', '2019-05-01 15:58:29', NULL),
(36, '2019-05-01', 1, 1, 1, 0, 64000, 70000, 6000, '2019-05-01 16:13:19', '2019-05-01 16:13:19', NULL),
(37, '2019-05-07', 1, 1, 2, 0, 21000, 22000, 1000, '2019-05-07 13:51:00', '2019-05-07 13:51:00', NULL),
(38, '2019-05-07', 1, 1, 3, 0, 21000, 22000, 1000, '2019-05-07 13:59:14', '2019-05-07 13:59:14', NULL),
(39, '2019-05-08', 1, 1, 1, 0, 418000, 500000, 82000, '2019-05-08 00:57:55', '2019-05-08 00:57:55', NULL),
(41, '2019-05-09', 1, 1, 1, 0, 35000, 40000, 5000, '2019-05-09 14:15:57', '2019-05-09 14:15:57', NULL),
(42, '2019-05-10', 1, 1, 1, 0, 250000, 30000, -220000, '2019-05-09 22:50:06', '2019-05-09 22:51:05', '2019-05-09 22:51:05'),
(43, '2019-05-10', 1, 1, 1, 0, 250000, 300000, 50000, '2019-05-09 22:51:30', '2019-05-09 22:53:42', '2019-05-09 22:53:42'),
(44, '2019-05-10', 1, 1, 1, 0, 250000, 300000, 50000, '2019-05-09 22:54:13', '2019-05-10 03:12:03', '2019-05-10 03:12:03'),
(46, '2019-05-10', 1, 1, 1, 0, 250000, 300000, 50000, '2019-05-10 03:10:21', '2019-05-10 03:12:00', '2019-05-10 03:12:00'),
(47, '2019-05-10', 1, 1, 1, 0, 250000, 300000, 50000, '2019-05-10 03:11:43', '2019-05-10 03:11:55', '2019-05-10 03:11:55'),
(48, '2019-05-10', 1, 1, 1, 0, 250000, 300000, 50000, '2019-05-10 06:13:09', '2019-05-10 06:13:09', NULL),
(49, '2019-05-10', 1, 1, 1, 0, 250000, 300000, 50000, '2019-05-10 06:15:17', '2019-05-10 06:15:17', NULL),
(50, '2019-05-10', 1, 1, 1, 0, 250000, 300000, 50000, '2019-05-10 06:16:25', '2019-05-10 06:16:25', NULL);

-- --------------------------------------------------------

--
-- Struktur dari tabel `returs`
--

CREATE TABLE `returs` (
  `id` int(10) UNSIGNED NOT NULL,
  `supplier_id` int(10) UNSIGNED NOT NULL,
  `pegawai_id` int(10) UNSIGNED NOT NULL,
  `user_id` int(10) UNSIGNED NOT NULL,
  `tanggal` date NOT NULL,
  `total` varchar(191) COLLATE utf8mb4_unicode_ci NOT NULL,
  `created_at` timestamp NULL DEFAULT NULL,
  `updated_at` timestamp NULL DEFAULT NULL,
  `deleted_at` timestamp NULL DEFAULT NULL
) ENGINE=InnoDB DEFAULT CHARSET=utf8mb4 COLLATE=utf8mb4_unicode_ci;

--
-- Dumping data untuk tabel `returs`
--

INSERT INTO `returs` (`id`, `supplier_id`, `pegawai_id`, `user_id`, `tanggal`, `total`, `created_at`, `updated_at`, `deleted_at`) VALUES
(17, 1, 1, 1, '2019-04-28', '20000', '2019-04-27 22:31:23', '2019-04-27 22:31:23', NULL),
(18, 1, 1, 1, '2019-05-14', '14000', '2019-05-14 06:33:17', '2019-05-14 06:33:17', NULL);

-- --------------------------------------------------------

--
-- Struktur dari tabel `suppliers`
--

CREATE TABLE `suppliers` (
  `id` int(10) UNSIGNED NOT NULL,
  `nama` varchar(191) COLLATE utf8mb4_unicode_ci NOT NULL,
  `alamat` varchar(191) COLLATE utf8mb4_unicode_ci NOT NULL,
  `telepone` varchar(191) COLLATE utf8mb4_unicode_ci NOT NULL,
  `email` varchar(191) COLLATE utf8mb4_unicode_ci NOT NULL,
  `keterangan` varchar(191) COLLATE utf8mb4_unicode_ci NOT NULL,
  `created_at` timestamp NULL DEFAULT NULL,
  `updated_at` timestamp NULL DEFAULT NULL,
  `deleted_at` timestamp NULL DEFAULT NULL
) ENGINE=InnoDB DEFAULT CHARSET=utf8mb4 COLLATE=utf8mb4_unicode_ci;

--
-- Dumping data untuk tabel `suppliers`
--

INSERT INTO `suppliers` (`id`, `nama`, `alamat`, `telepone`, `email`, `keterangan`, `created_at`, `updated_at`, `deleted_at`) VALUES
(1, 'Bambang', 'pakisaji', '0823493823', 'bambangstiaji@gmail.com', '-', '2019-03-31 08:43:19', '2019-03-31 08:43:19', NULL),
(2, 'Wanda', 'Surabaya', '082337275200', 'wanda87@gmail.com', '-', '2019-04-27 00:42:22', '2019-04-27 00:42:22', NULL),
(3, 'Jupri', 'Dinoyo', '08233727274', 'jufri765@gmail.com', '-', '2019-04-27 00:43:45', '2019-04-27 00:43:45', NULL),
(4, 'nafatin', 'sanan rejo', '082337276453', 'nafatin@gmail.com', '-', '2019-05-01 14:57:50', '2019-05-01 14:57:50', NULL);

-- --------------------------------------------------------

--
-- Struktur dari tabel `users`
--

CREATE TABLE `users` (
  `id` int(10) UNSIGNED NOT NULL,
  `name` varchar(191) COLLATE utf8mb4_unicode_ci NOT NULL,
  `email` varchar(191) COLLATE utf8mb4_unicode_ci NOT NULL,
  `password` varchar(191) COLLATE utf8mb4_unicode_ci NOT NULL,
  `remember_token` varchar(100) COLLATE utf8mb4_unicode_ci DEFAULT NULL,
  `created_at` timestamp NULL DEFAULT NULL,
  `updated_at` timestamp NULL DEFAULT NULL,
  `level` int(10) UNSIGNED NOT NULL,
  `deleted_at` timestamp NULL DEFAULT NULL
) ENGINE=InnoDB DEFAULT CHARSET=utf8mb4 COLLATE=utf8mb4_unicode_ci;

--
-- Dumping data untuk tabel `users`
--

INSERT INTO `users` (`id`, `name`, `email`, `password`, `remember_token`, `created_at`, `updated_at`, `level`, `deleted_at`) VALUES
(1, 'Super Admin', 'mamad@gmail.com', '$2y$10$ZZx4a6hVabEk05dlw.UE0O.6rnT.avsCYaqLpSmml3Db55tKEWN7y', '7silUmUhqWt5z5lpj6HqjOD4QCPQkxhk9DFo76AxJVumAG0fnSZMvcXaIqPC', '2019-03-31 08:11:40', '2019-03-31 08:11:40', 2, NULL),
(2, 'admin', 'admin@admin.com', '$2y$10$pEkv4jZuUx5Fl5S2olJ8SOUqnlFM9sIj/hJFlVlt1apmWUy4FWSoW', 'rZT7Cz91J5eKsGIM0x0GTBKIJR7CNQX0obfEMBsixOTEfgAXXyeBtLURIjZs', '2019-03-31 08:12:05', '2019-03-31 08:12:05', 1, NULL),
(3, 'kasir', 'kasir@gmail.com', '$2y$10$OplW6BmUe4OwjBJgdd1T2O9XHN5F.c787RyhVvf7Q4vYEGg8z75eK', '5QCBZojoazZQaBEeIS6USRtHzin5GVur42sovWNCSBCwDOLVCRG9kmeQz9c9', '2019-03-31 08:12:32', '2019-05-07 13:40:38', 0, NULL),
(4, 'Zahra', 'Zahra@gmail.com', '$2y$10$aDEAQqkR37pSxO126u2ULORIzMPkdQJZTEURrt82ZitWwZzrQ17c2', 'YzPebJyWlhBHT7yyxddePs7XkzXJ4j4DfQkKbWN3YMaeHTt9Ig0iJDuyJXTz', '2019-05-01 05:00:30', '2019-05-01 05:00:30', 2, NULL);

--
-- Indexes for dumped tables
--

--
-- Indeks untuk tabel `agamas`
--
ALTER TABLE `agamas`
  ADD PRIMARY KEY (`id`);

--
-- Indeks untuk tabel `barangs`
--
ALTER TABLE `barangs`
  ADD PRIMARY KEY (`id`),
  ADD KEY `barangs_kategori_id_foreign` (`kategori_id`);

--
-- Indeks untuk tabel `detail_pembelians`
--
ALTER TABLE `detail_pembelians`
  ADD PRIMARY KEY (`id`),
  ADD KEY `detail_pembelians_barang_id_foreign` (`barang_id`),
  ADD KEY `detail_pembelians_pembelian_id_foreign` (`pembelian_id`);

--
-- Indeks untuk tabel `detail_penjualans`
--
ALTER TABLE `detail_penjualans`
  ADD PRIMARY KEY (`id`),
  ADD KEY `detail_penjualans_barang_id_foreign` (`barang_id`),
  ADD KEY `detail_penjualans_penjualan_id_foreign` (`penjualan_id`);

--
-- Indeks untuk tabel `detail_returs`
--
ALTER TABLE `detail_returs`
  ADD PRIMARY KEY (`id`);

--
-- Indeks untuk tabel `hargas`
--
ALTER TABLE `hargas`
  ADD PRIMARY KEY (`id`);

--
-- Indeks untuk tabel `kategoris`
--
ALTER TABLE `kategoris`
  ADD PRIMARY KEY (`id`);

--
-- Indeks untuk tabel `migrations`
--
ALTER TABLE `migrations`
  ADD PRIMARY KEY (`id`);

--
-- Indeks untuk tabel `password_resets`
--
ALTER TABLE `password_resets`
  ADD KEY `password_resets_email_index` (`email`);

--
-- Indeks untuk tabel `pegawais`
--
ALTER TABLE `pegawais`
  ADD PRIMARY KEY (`id`),
  ADD UNIQUE KEY `pegawais_email_unique` (`email`);

--
-- Indeks untuk tabel `pelanggans`
--
ALTER TABLE `pelanggans`
  ADD PRIMARY KEY (`id`);

--
-- Indeks untuk tabel `pembelians`
--
ALTER TABLE `pembelians`
  ADD PRIMARY KEY (`id`),
  ADD KEY `pembelians_supplier_id_foreign` (`supplier_id`),
  ADD KEY `pembelians_pegawai_id_foreign` (`pegawai_id`);

--
-- Indeks untuk tabel `penjualans`
--
ALTER TABLE `penjualans`
  ADD PRIMARY KEY (`id`),
  ADD KEY `penjualans_pelanggan_id_foreign` (`pelanggan_id`),
  ADD KEY `penjualans_pegawai_id_foreign` (`pegawai_id`);

--
-- Indeks untuk tabel `returs`
--
ALTER TABLE `returs`
  ADD PRIMARY KEY (`id`);

--
-- Indeks untuk tabel `suppliers`
--
ALTER TABLE `suppliers`
  ADD PRIMARY KEY (`id`);

--
-- Indeks untuk tabel `users`
--
ALTER TABLE `users`
  ADD PRIMARY KEY (`id`),
  ADD UNIQUE KEY `users_email_unique` (`email`);

--
-- AUTO_INCREMENT untuk tabel yang dibuang
--

--
-- AUTO_INCREMENT untuk tabel `agamas`
--
ALTER TABLE `agamas`
  MODIFY `id` int(10) UNSIGNED NOT NULL AUTO_INCREMENT;

--
-- AUTO_INCREMENT untuk tabel `barangs`
--
ALTER TABLE `barangs`
  MODIFY `id` int(10) UNSIGNED NOT NULL AUTO_INCREMENT, AUTO_INCREMENT=727;

--
-- AUTO_INCREMENT untuk tabel `detail_pembelians`
--
ALTER TABLE `detail_pembelians`
  MODIFY `id` int(10) UNSIGNED NOT NULL AUTO_INCREMENT, AUTO_INCREMENT=32;

--
-- AUTO_INCREMENT untuk tabel `detail_penjualans`
--
ALTER TABLE `detail_penjualans`
  MODIFY `id` int(10) UNSIGNED NOT NULL AUTO_INCREMENT, AUTO_INCREMENT=68;

--
-- AUTO_INCREMENT untuk tabel `detail_returs`
--
ALTER TABLE `detail_returs`
  MODIFY `id` int(10) UNSIGNED NOT NULL AUTO_INCREMENT, AUTO_INCREMENT=4;

--
-- AUTO_INCREMENT untuk tabel `hargas`
--
ALTER TABLE `hargas`
  MODIFY `id` int(11) NOT NULL AUTO_INCREMENT, AUTO_INCREMENT=5;

--
-- AUTO_INCREMENT untuk tabel `kategoris`
--
ALTER TABLE `kategoris`
  MODIFY `id` int(10) UNSIGNED NOT NULL AUTO_INCREMENT, AUTO_INCREMENT=7;

--
-- AUTO_INCREMENT untuk tabel `migrations`
--
ALTER TABLE `migrations`
  MODIFY `id` int(10) UNSIGNED NOT NULL AUTO_INCREMENT, AUTO_INCREMENT=16;

--
-- AUTO_INCREMENT untuk tabel `pegawais`
--
ALTER TABLE `pegawais`
  MODIFY `id` int(10) UNSIGNED NOT NULL AUTO_INCREMENT, AUTO_INCREMENT=2;

--
-- AUTO_INCREMENT untuk tabel `pelanggans`
--
ALTER TABLE `pelanggans`
  MODIFY `id` int(10) UNSIGNED NOT NULL AUTO_INCREMENT, AUTO_INCREMENT=3;

--
-- AUTO_INCREMENT untuk tabel `pembelians`
--
ALTER TABLE `pembelians`
  MODIFY `id` int(10) UNSIGNED NOT NULL AUTO_INCREMENT, AUTO_INCREMENT=33;

--
-- AUTO_INCREMENT untuk tabel `penjualans`
--
ALTER TABLE `penjualans`
  MODIFY `id` int(10) UNSIGNED NOT NULL AUTO_INCREMENT, AUTO_INCREMENT=51;

--
-- AUTO_INCREMENT untuk tabel `returs`
--
ALTER TABLE `returs`
  MODIFY `id` int(10) UNSIGNED NOT NULL AUTO_INCREMENT, AUTO_INCREMENT=19;

--
-- AUTO_INCREMENT untuk tabel `suppliers`
--
ALTER TABLE `suppliers`
  MODIFY `id` int(10) UNSIGNED NOT NULL AUTO_INCREMENT, AUTO_INCREMENT=5;

--
-- AUTO_INCREMENT untuk tabel `users`
--
ALTER TABLE `users`
  MODIFY `id` int(10) UNSIGNED NOT NULL AUTO_INCREMENT, AUTO_INCREMENT=5;

--
-- Ketidakleluasaan untuk tabel pelimpahan (Dumped Tables)
--

--
-- Ketidakleluasaan untuk tabel `barangs`
--
ALTER TABLE `barangs`
  ADD CONSTRAINT `barangs_kategori_id_foreign` FOREIGN KEY (`kategori_id`) REFERENCES `kategoris` (`id`);

--
-- Ketidakleluasaan untuk tabel `detail_pembelians`
--
ALTER TABLE `detail_pembelians`
  ADD CONSTRAINT `detail_pembelians_barang_id_foreign` FOREIGN KEY (`barang_id`) REFERENCES `barangs` (`id`),
  ADD CONSTRAINT `detail_pembelians_pembelian_id_foreign` FOREIGN KEY (`pembelian_id`) REFERENCES `pembelians` (`id`);

--
-- Ketidakleluasaan untuk tabel `detail_penjualans`
--
ALTER TABLE `detail_penjualans`
  ADD CONSTRAINT `detail_penjualans_barang_id_foreign` FOREIGN KEY (`barang_id`) REFERENCES `barangs` (`id`),
  ADD CONSTRAINT `detail_penjualans_penjualan_id_foreign` FOREIGN KEY (`penjualan_id`) REFERENCES `penjualans` (`id`);

--
-- Ketidakleluasaan untuk tabel `pembelians`
--
ALTER TABLE `pembelians`
  ADD CONSTRAINT `pembelians_pegawai_id_foreign` FOREIGN KEY (`pegawai_id`) REFERENCES `pegawais` (`id`),
  ADD CONSTRAINT `pembelians_supplier_id_foreign` FOREIGN KEY (`supplier_id`) REFERENCES `suppliers` (`id`);

--
-- Ketidakleluasaan untuk tabel `penjualans`
--
ALTER TABLE `penjualans`
  ADD CONSTRAINT `penjualans_pegawai_id_foreign` FOREIGN KEY (`pegawai_id`) REFERENCES `pegawais` (`id`),
  ADD CONSTRAINT `penjualans_pelanggan_id_foreign` FOREIGN KEY (`pelanggan_id`) REFERENCES `pelanggans` (`id`);
COMMIT;

/*!40101 SET CHARACTER_SET_CLIENT=@OLD_CHARACTER_SET_CLIENT */;
/*!40101 SET CHARACTER_SET_RESULTS=@OLD_CHARACTER_SET_RESULTS */;
/*!40101 SET COLLATION_CONNECTION=@OLD_COLLATION_CONNECTION */;
